{
  "trainName": "koki100",
  "trainType": "CC",
  "trainModel": "ModelTrain_koki100.obj",
  "bogieModel": "ModelBogie_ft1.obj",
  "trainTexture": "textures/train/koki100/koki100.png",
  "bogieTexture": "textures/train/ft1.png",
  "buttonTexture": "textures/train/koki100/button_koki100.png",
  "sound_Stop": "",
  "sound_S_M": "",
  "sound_Medium": "",
  "sound_M_H": "",
  "sound_High": "",
  "sound_H_M": "",
  "sound_M_S": "",
  "sound_Horn": "",
  "seatPos": [[12, 0, 130, 0], [12, 0, 110, 0], [12, 0, 90, 0], [12, 0, 70, 0], [12, 0, 50, 0], [12, 0, 30, 0], [12, 0, 10, 0],
    		[12, 0, -130, 0], [12, 0, -110, 0], [12, 0, -90, 0], [12, 0, -70, 0], [12, 0, -50, 0], [12, 0, -30, 0], [12, 0, -10, 0],
    		[-12, 0, 130, 0], [-12, 0, 110, 0], [-12, 0, 90, 0], [-12, 0, 70, 0], [-12, 0, 50, 0], [-12, 0, 30, 0], [-12, 0, 10, 0],
    		[-12, 0, -130, 0], [-12, 0, -110, 0], [-12, 0, -90, 0], [-12, 0, -70, 0], [-12, 0, -50, 0], [-12, 0, -30, 0], [-12, 0, -10, 0]],
  "playerPos": [
    [
      0.8,
      0.0,
      9.187
    ],
    [
      -0.8,
      0.0,
      -9.187
    ]
  ],
  "bogiePos": [
    [
      0.0,
      0.0,
      7.125
    ],
    [
      0.0,
      0.0,
      -7.125
    ]
  ],
  "doCulling": "true"
}
