{
  "trainName": "223h",
  "trainType": "EC",
  "trainModel": "ModelTrain_223h.class",
  "bogieModel": "ModelBogie.class",
  "trainTexture": "textures/train/223h/223h.png",
  "bogieTexture": "textures/train/bogie.png",
  "buttonTexture": "textures/train/223h/button_223h.png",
  "sound_Stop": "",
  "sound_S_M": "train.rtm_223_go-mid",
  "sound_Medium": "train.rtm_223_mid",
  "sound_M_H": "train.rtm_223_mid-top",
  "sound_High": "train.rtm_223_top",
  "sound_H_M": "train.rtm_223_top-mid",
  "sound_M_S": "train.rtm_223_mid-stop",
  "sound_Horn": "train.rtm_223mh",
  "sound_BrakeRelease": "train.rtm_223_release",
  "sound_Announcement": [["KankuRapid", "rtm:train.rtm_223_kankuRapid"], ["Test", "test:train.test"]],
  "seatPos": [[12, 0, 90, 1], [12, 0, 70, 1], [12, 0, 50, 1], [12, 0, 30, 1],
    	[12, 0, -140, 1], [12, 0, -90, 1], [12, 0, -70, 1], [12, 0, -50, 1], [12, 0, -30, 1],
    	[-12, 0, 90, 1], [-12, 0, 70, 1], [-12, 0, 50, 1], [-12, 0, 30, 1],
    	[-12, 0, -140, 1], [-12, 0, -90, 1], [-12, 0, -70, 1], [-12, 0, -50, 1], [-12, 0, -30, 1]],
  "playerPos": [
    [
      0.8, 0.25, 9.187
    ],
    [
      -0.8, 0.25, -9.187
    ]
  ],
  "bogiePos": [
    [
      0.0,
      0.0,
      7.125
    ],
    [
      0.0,
      0.0,
      -7.125
    ]
  ],
  "renderLight": true
}
