{
  "trainName": "kiha600",
  "trainType": "DC",
  "trainModel": "ModelTrain_kiha600.class",
  "bogieModel": "ModelBogie.class",
  "trainTexture": "textures/train/kiha600/kiha600_default.png",
  "bogieTexture": "textures/train/bogie.png",
  "buttonTexture": "textures/train/kiha600/button_kiha600.png",
  "sound_Stop": "train.rtm_dc40r_stn",
  "sound_S_M": "train.rtm_dc40r_go-a",
  "sound_Medium": "train.rtm_dc40r_i",
  "sound_M_H": "train.rtm_dc40r_a",
  "sound_High": "train.rtm_dc40r_a",
  "sound_H_M": "train.rtm_dc40r_i",
  "sound_M_S": "train.rtm_dc40r_i-stop",
  "sound_Horn": "train.rtm_wh_00l",
  "seatPos": [[12, 0, 130, 0], [12, 0, 110, 1], [12, 0, 90, 1], [12, 0, 70, 1], [12, 0, 50, 1], [12, 0, 30, 1], [12, 0, 10, 1],
    		[12, 0, -130, 0], [12, 0, -110, 1], [12, 0, -90, 1], [12, 0, -70, 1], [12, 0, -50, 1], [12, 0, -30, 1], [12, 0, -10, 1],
    		[-12, 0, 130, 0], [-12, 0, 110, 1], [-12, 0, 90, 1], [-12, 0, 70, 1], [-12, 0, 50, 1], [-12, 0, 30, 1], [-12, 0, 10, 1],
    		[-12, 0, -130, 0], [-12, 0, -110, 1], [-12, 0, -90, 1], [-12, 0, -70, 1], [-12, 0, -50, 1], [-12, 0, -30, 1], [-12, 0, -10, 1]],
  "playerPos": [
    [
      0.8,
      0.0,
      9.187
    ],
    [
      -0.8,
      0.0,
      -9.187
    ]
  ],
  "bogiePos": [
    [
      0.0,
      0.0,
      7.125
    ],
    [
      0.0,
      0.0,
      -7.125
    ]
  ]
}
