{
  "trainName": "siki1000",
  "trainType": "CC",
  "trainModel": "ModelTrain_siki1000.obj",
  "bogieModel": "ModelBogie_siki1000.obj",
  "trainTexture": "textures/train/siki1000/siki1000.png",
  "bogieTexture": "textures/train/siki1000_bogie.png",
  "buttonTexture": "textures/train/siki1000/button_siki1000.png",
  "sound_Stop": "",
  "sound_S_M": "",
  "sound_Medium": "",
  "sound_M_H": "",
  "sound_High": "",
  "sound_H_M": "",
  "sound_M_S": "",
  "sound_Horn": "",
  "seatPos": [[12, 0, 130, 0], [12, 0, 110, 0], [12, 0, 90, 0], [12, 0, 70, 0], [12, 0, 50, 0], [12, 0, 30, 0], [12, 0, 10, 0],
    		[12, 0, -130, 0], [12, 0, -110, 0], [12, 0, -90, 0], [12, 0, -70, 0], [12, 0, -50, 0], [12, 0, -30, 0], [12, 0, -10, 0],
    		[-12, 0, 130, 0], [-12, 0, 110, 0], [-12, 0, 90, 0], [-12, 0, 70, 0], [-12, 0, 50, 0], [-12, 0, 30, 0], [-12, 0, 10, 0],
    		[-12, 0, -130, 0], [-12, 0, -110, 0], [-12, 0, -90, 0], [-12, 0, -70, 0], [-12, 0, -50, 0], [-12, 0, -30, 0], [-12, 0, -10, 0]],
  "playerPos": [
    [
      0.8,
      0.0,
      9.187
    ],
    [
      -0.8,
      0.0,
      -9.187
    ]
  ],
  "bogiePos": [
    [
      0.0,
      0.0,
      7.125
    ],
    [
      0.0,
      0.0,
      -7.125
    ]
  ],
  "doCulling": "true"
}
