{
  "trainName": "df200",
  "trainType": "DC",
  "trainModel": "ModelTrain_df200.obj",
  "bogieModel": "ModelBogie_fdt100.obj",
  "trainTexture": "textures/train/df200/df200.png",
  "bogieTexture": "textures/train/fdt100.png",
  "buttonTexture": "textures/train/df200/button_df200.png",
  "sound_Stop": "train.rtm_dc40r_stn",
  "sound_S_M": "train.rtm_dc40r_go-a",
  "sound_Medium": "train.rtm_dc40r_i",
  "sound_M_H": "train.rtm_dc40r_a",
  "sound_High": "train.rtm_dc40r_a",
  "sound_H_M": "train.rtm_dc40r_i",
  "sound_M_S": "train.rtm_dc40r_i-stop",
  "sound_Horn": "train.rtm_wh_00l",
  "seatPos": [[12, 0, 130, 0], [12, 0, 110, 0], [12, 0, 90, 0], [12, 0, 70, 0], [12, 0, 50, 0], [12, 0, 30, 0], [12, 0, 10, 0],
    		[12, 0, -130, 0], [12, 0, -110, 0], [12, 0, -90, 0], [12, 0, -70, 0], [12, 0, -50, 0], [12, 0, -30, 0], [12, 0, -10, 0],
    		[-12, 0, 130, 0], [-12, 0, 110, 0], [-12, 0, 90, 0], [-12, 0, 70, 0], [-12, 0, 50, 0], [-12, 0, 30, 0], [-12, 0, 10, 0],
    		[-12, 0, -130, 0], [-12, 0, -110, 0], [-12, 0, -90, 0], [-12, 0, -70, 0], [-12, 0, -50, 0], [-12, 0, -30, 0], [-12, 0, -10, 0]],
  "playerPos": [
    [
      0.8,
      0.1875,
      9.187
    ],
    [
      -0.8,
      0.1875,
      -9.187
    ]
  ],
  "bogiePos": [
    [
      0.0,
      0.0,
      7.125
    ],
    [
      0.0,
      0.0,
      -7.125
    ]
  ],
  "doCulling": "true"
}
